{"name":"8b27de54-584a-4dbd-afb0-b3edf1c3e444","id":"/providers/Microsoft.Flow/flows/8b27de54-584a-4dbd-afb0-b3edf1c3e444","type":"Microsoft.Flow/flows","properties":{"apiId":"/providers/Microsoft.PowerApps/apis/shared_logicflows","displayName":"Get Todays Events from SharePoint Calendar and Sends Daily Email","definition":{"metadata":{"workflowEntityId":null,"creator":{"id":"b7e01256-d9d4-4916-b626-3ac4337ecf9b","type":"User","tenantId":"989f7afc-210a-4a7a-89a4-9fe50619a887"},"provisioningMethod":"FromDefinition","failureAlertSubscription":true,"clientLastModifiedTime":"2018-10-15T11:08:19.7343912Z"},"$schema":"https://schema.management.azure.com/providers/Microsoft.Logic/schemas/2016-06-01/workflowdefinition.json#","contentVersion":"1.0.0.0","parameters":{"$connections":{"defaultValue":{},"type":"Object"},"$authentication":{"defaultValue":{},"type":"SecureObject"}},"triggers":{"Recurrence":{"recurrence":{"frequency":"Day","interval":1},"type":"Recurrence"}},"actions":{"Get_items":{"runAfter":{},"metadata":{"flowSystemMetadata":{"swaggerOperationId":"GetItems"}},"type":"ApiConnection","inputs":{"host":{"api":{"runtimeUrl":"https://india-001.azure-apim.net/apim/sharepointonline"},"connection":{"name":"@parameters('$connections')['shared_sharepointonline']['connectionId']"}},"method":"get","path":"/datasets/@{encodeURIComponent(encodeURIComponent('https://infowebsp.sharepoint.com/sites/Developer'))}/tables/@{encodeURIComponent(encodeURIComponent('Events'))}/items","queries":{"$filter":"EventDate ge '@{utcNow('yyyy-MM-ddT00:00:00Z')}' and EventDate lt '@{addDays(utcNow(),1,'yyyy-MM-ddT00:00:00Z')}'"},"authentication":"@parameters('$authentication')"}},"Select":{"runAfter":{"Get_items":["Succeeded"]},"type":"Select","inputs":{"from":"@body('Get_items')?['value']","select":{"Title":"@item()['Title']","Start Time":"@item()['EventDate']","End Time":"@item()['EndDate']"}}},"Create_HTML_table":{"runAfter":{"Select":["Succeeded"]},"type":"Table","inputs":{"from":"@body('Select')","format":"HTML"}},"Send_an_email":{"runAfter":{"Create_HTML_table":["Succeeded"]},"metadata":{"flowSystemMetadata":{"swaggerOperationId":"SendEmail"}},"type":"ApiConnection","inputs":{"host":{"api":{"runtimeUrl":"https://india-001.azure-apim.net/apim/office365"},"connection":{"name":"@parameters('$connections')['shared_office365']['connectionId']"}},"method":"post","body":{"To":"db@infowebsp.onmicrosoft.com","Subject":"Todays Events ","Body":"Below are the Todays Events as per the Organizations Calendar.\n@{body('Create_HTML_table')}","IsHtml":true},"path":"/Mail","authentication":"@parameters('$authentication')"}}},"outputs":{}},"connectionReferences":{"shared_sharepointonline":{"connectionName":"4ce94505d3314a85848d03422fe4d29c","source":"Embedded","id":"/providers/Microsoft.PowerApps/apis/shared_sharepointonline","tier":"NotSpecified"},"shared_office365":{"connectionName":"shared-office365-b3619180-3852-41d5-a77e-8b589ef4f9a8","source":"Embedded","id":"/providers/Microsoft.PowerApps/apis/shared_office365","tier":"NotSpecified"}},"flowFailureAlertSubscribed":false}}